{
    "default": {
      "L": 0.14285714285714285,
      "G": 0.7,
      "C1": 0.1111111111111111,
      "C2": 1,
      "Ga": -0.8,
      "Gb": -0.5
    },

    "alt": {
        "L": 0.125,
        "G": 0.75,
        "C1": 0.1,
        "C2": 1,
        "Ga": -1.0,
        "Gb": -0.5
      }
}
