{
    "default": {
      "L": 0.14285714285714285,
      "G": 0.7,
      "C1": 0.1111111111111111,
      "C2": 1,
      "Ga": -0.8,
      "Gb": -0.5
    },

    "onecoil": {
      "L": 0.14285714285714285,
      "G": 0.7,
      "C1": 0.1111111111111111,
      "C2": 1,
      "Ga": -0.72,
      "Gb": -0.57
    },

    "periodic": {
      "L": 0.14285714285714285,
      "G": 0.7,
      "C1": 0.1111111111111111,
      "C2": 1,
      "Ga": -0.6,
      "Gb": -0.3
    },

    "chaotic": {
      "L": 0.14285714285714285,
      "G": 0.5,
      "C1": 0.1111111111111111,
      "C2": 1,
      "Ga": -0.3,
      "Gb": -0.1
    }
  }
  